,Country Name,Country Border Name,Happiness Score 2015,Happiness Score 2016,Happiness Score 2017
0,Angola,France,6.575,6.478,6.44199991226196
1,Angola,Spain,6.329,6.361000000000001,6.40299987792969
2,United States,Oman,6.853,,
3,United States,Saudi Arabia,6.4110000000000005,6.379,6.343999862670901
4,Afghanistan,China,5.14,5.245,5.2729997634887695
5,Afghanistan,Iran,4.686,4.813,4.69199991226196
6,Afghanistan,Pakistan,5.194,5.132000000000001,5.26900005340576
7,Afghanistan,Tajikistan,4.7860000000000005,4.996,5.04099988937378
8,Afghanistan,Turkmenistan,5.547999999999999,5.6579999999999995,5.82200002670288
9,Afghanistan,Uzbekistan,6.002999999999999,5.987,5.97100019454956
10,Albania,Greece,4.857,5.033,5.2270002365112305
11,Albania,Montenegro,5.192,5.1610000000000005,5.23699998855591
12,Albania,Macedonia,5.007,5.121,5.175000190734861
13,Albania,Serbia,5.122999999999999,5.1770000000000005,5.39499998092651
14,Armenia,Azerbaijan,5.212000000000001,5.291,5.234000205993651
15,Armenia,Georgia,4.297,4.252,4.28599977493286
16,Armenia,Iran,4.686,4.813,4.69199991226196
17,Armenia,Turkey,5.332000000000001,5.388999999999999,5.5
18,Angola,Togo,2.839,3.303,3.4949998855590803
19,Angola,Togo,2.839,3.303,3.4949998855590803
20,Angola,Zambia,5.129,4.795,4.513999938964839
21,Angola,Zambia,5.129,4.795,4.513999938964839
22,Argentina,Bolivia,5.89,5.822,5.82299995422363
23,Argentina,Brazil,6.983,6.952000000000001,6.6350002288818395
24,Argentina,Chile,6.67,6.705,6.65199995040894
25,Argentina,Paraguay,5.877999999999999,5.537999999999999,5.493000030517581
26,Argentina,Uruguay,6.485,6.545,6.4539999961853
27,Austria,China,5.14,5.245,5.2729997634887695
28,Austria,Germany,6.75,6.994,6.9510002136230495
29,Austria,Hungary,4.8,5.145,5.32399988174438
30,Austria,Italy,5.9479999999999995,5.977,5.96400022506714
31,Austria,Slovakia,5.995,6.077999999999999,6.09800004959106
32,Austria,Slovenia,5.848,5.768,5.75799989700317
33,Austria,Switzerland,7.587000000000001,7.5089999999999995,7.49399995803833
34,Azerbaijan,Armenia,4.35,4.36,4.37599992752075
35,Azerbaijan,Georgia,4.297,4.252,4.28599977493286
36,Azerbaijan,Iran,4.686,4.813,4.69199991226196
37,Azerbaijan,Russia,5.716,5.856,5.962999820709231
38,Azerbaijan,Turkey,5.332000000000001,5.388999999999999,5.5
39,Bosnia and Herzegovina,Croatia,5.7589999999999995,5.4879999999999995,5.2930002212524405
40,Bosnia and Herzegovina,Montenegro,5.192,5.1610000000000005,5.23699998855591
41,Bosnia and Herzegovina,Serbia,5.122999999999999,5.1770000000000005,5.39499998092651
42,Bangladesh,India,4.565,4.404,4.31500005722046
43,Bangladesh,Myanmar,4.3069999999999995,4.395,4.54500007629395
44,Belgium,France,6.575,6.478,6.44199991226196
45,Belgium,Germany,6.75,6.994,6.9510002136230495
46,Belgium,Luxembourg,6.946000000000001,6.871,6.86299991607666
47,Belgium,Netherlands,7.377999999999999,7.3389999999999995,7.3769998550415
48,Burkina Faso,Benin,3.34,3.484,3.65700006484985
49,Burkina Faso,Ghana,4.633,4.276,4.11999988555908
50,Burkina Faso,Mali,3.995,4.073,4.19000005722046
51,Burkina Faso,Niger,3.845,3.8560000000000003,4.02799987792969
52,Burkina Faso,Togo,2.839,3.303,3.4949998855590803
53,Bulgaria,Greece,4.857,5.033,5.2270002365112305
54,Bulgaria,Macedonia,5.007,5.121,5.175000190734861
55,Bulgaria,Romania,5.124,5.528,5.824999809265139
56,Bulgaria,Serbia,5.122999999999999,5.1770000000000005,5.39499998092651
57,Bulgaria,Turkey,5.332000000000001,5.388999999999999,5.5
58,Burundi,Togo,2.839,3.303,3.4949998855590803
59,Burundi,Rwanda,3.465,3.515,3.47099995613098
60,Burundi,Tanzania,3.781,3.6660000000000004,3.34899997711182
61,Benin,Burkina Faso,3.5869999999999997,3.739,4.03200006484985
62,Benin,Niger,3.845,3.8560000000000003,4.02799987792969
63,Benin,Nigeria,5.268,4.875,5.07399988174438
64,Benin,Togo,2.839,3.303,3.4949998855590803
65,Bolivia,Argentina,6.574,6.65,6.59899997711182
66,Bolivia,Brazil,6.983,6.952000000000001,6.6350002288818395
67,Bolivia,Chile,6.67,6.705,6.65199995040894
68,Bolivia,Paraguay,5.877999999999999,5.537999999999999,5.493000030517581
69,Bolivia,Peru,5.824,5.742999999999999,5.71500015258789
70,Brazil,Argentina,6.574,6.65,6.59899997711182
71,Brazil,Bolivia,5.89,5.822,5.82299995422363
72,Brazil,Colombia,6.477,6.481,6.35699987411499
73,Brazil,Ghana,4.633,4.276,4.11999988555908
74,Brazil,Paraguay,5.877999999999999,5.537999999999999,5.493000030517581
75,Brazil,Peru,5.824,5.742999999999999,5.71500015258789
76,Brazil,Suriname,6.269,6.269,
77,Brazil,Uruguay,6.485,6.545,6.4539999961853
78,Brazil,Venezuela,6.81,6.084,5.25
79,Bhutan,China,5.14,5.245,5.2729997634887695
80,Bhutan,India,4.565,4.404,4.31500005722046
81,Botswana,Zambia,5.129,4.795,4.513999938964839
82,Botswana,South Africa,4.6419999999999995,4.459,4.8289999961853
83,Botswana,Zambia,5.129,4.795,4.513999938964839
84,Botswana,Zimbabwe,4.61,4.1930000000000005,3.875
85,Belarus,Latvia,5.098,5.56,5.849999904632571
86,Belarus,Lithuania,5.832999999999999,5.813,5.90199995040894
87,Belarus,Poland,5.791,5.835,5.97300004959106
88,Belarus,Russia,5.716,5.856,5.962999820709231
89,Belarus,Ukraine,4.681,4.324,4.09600019454956
90,Belgium,Guatemala,6.122999999999999,6.324,6.4539999961853
91,Belgium,Mexico,7.187,6.778,6.57800006866455
92,Canada,United States,7.119,7.104,6.993000030517581
93,Togo,Angola,4.033,3.866,3.79500007629395
94,Togo,Burundi,2.905,2.905,2.90499997138977
95,Togo,Togo,2.839,3.303,3.4949998855590803
96,Togo,Rwanda,3.465,3.515,3.47099995613098
97,Togo,South Korea,5.984,5.835,5.837999820709231
98,Togo,Tanzania,3.781,3.6660000000000004,3.34899997711182
99,Togo,Uganda,3.931,3.739,4.08099985122681
100,Togo,Zambia,5.129,4.795,4.513999938964839
101,Togo,Angola,4.033,3.866,3.79500007629395
102,Togo,Cameroon,4.252,4.513,4.69500017166138
103,Togo,Togo,2.839,3.303,3.4949998855590803
104,Togo,Gabon,3.8960000000000004,4.121,4.46500015258789
105,Switzerland,Austria,7.2,7.119,7.00600004196167
106,Switzerland,France,6.575,6.478,6.44199991226196
107,Switzerland,Germany,6.75,6.994,6.9510002136230495
108,Switzerland,Italy,5.9479999999999995,5.977,5.96400022506714
109,Chile,Argentina,6.574,6.65,6.59899997711182
110,Chile,Bolivia,5.89,5.822,5.82299995422363
111,Chile,Peru,5.824,5.742999999999999,5.71500015258789
112,Cameroon,Chad,3.667,3.763,3.9360001087188703
113,Cameroon,Togo,2.839,3.303,3.4949998855590803
114,Cameroon,Gabon,3.8960000000000004,4.121,4.46500015258789
115,Cameroon,Nigeria,5.268,4.875,5.07399988174438
116,China,Afghanistan,3.575,3.36,3.7939999103546103
117,China,Bhutan,5.252999999999999,5.196000000000001,5.01100015640259
118,China,Hong Kong,5.474,5.457999999999999,
119,China,India,4.565,4.404,4.31500005722046
120,China,Kazakhstan,5.855,5.919,5.8189997673034695
121,China,South Korea,5.984,5.835,5.837999820709231
122,China,Kyrgyzstan,5.2860000000000005,5.185,5.0040001869201705
123,China,Laos,4.876,4.876,
124,China,Malta,6.3020000000000005,6.4879999999999995,6.52699995040894
125,China,Mongolia,4.874,4.907,4.95499992370605
126,China,Myanmar,4.3069999999999995,4.395,4.54500007629395
127,China,Nepal,4.513999999999999,4.793,4.961999893188481
128,China,Pakistan,5.194,5.132000000000001,5.26900005340576
129,China,Russia,5.716,5.856,5.962999820709231
130,China,Tajikistan,4.7860000000000005,4.996,5.04099988937378
131,China,Vietnam,5.36,5.061,5.07399988174438
132,Colombia,Brazil,6.983,6.952000000000001,6.6350002288818395
133,Colombia,Ecuador,5.975,5.976,6.00799989700317
134,Colombia,Panama,6.7860000000000005,6.7010000000000005,6.4520001411438
135,Colombia,Peru,5.824,5.742999999999999,5.71500015258789
136,Colombia,Venezuela,6.81,6.084,5.25
137,Costa Rica,Nicaragua,5.827999999999999,5.992000000000001,6.07100009918213
138,Costa Rica,Panama,6.7860000000000005,6.7010000000000005,6.4520001411438
139,China,Austria,7.2,7.119,7.00600004196167
140,China,Germany,6.75,6.994,6.9510002136230495
141,China,Poland,5.791,5.835,5.97300004959106
142,China,Slovakia,5.995,6.077999999999999,6.09800004959106
143,Germany,Austria,7.2,7.119,7.00600004196167
144,Germany,Belgium,6.937,6.928999999999999,6.89099979400635
145,Germany,China,5.14,5.245,5.2729997634887695
146,Germany,Denmark,7.527,7.526,7.52199983596802
147,Germany,France,6.575,6.478,6.44199991226196
148,Germany,Luxembourg,6.946000000000001,6.871,6.86299991607666
149,Germany,Netherlands,7.377999999999999,7.3389999999999995,7.3769998550415
150,Germany,Poland,5.791,5.835,5.97300004959106
151,Germany,Switzerland,7.587000000000001,7.5089999999999995,7.49399995803833
152,Djibouti,Ethiopia,4.512,4.508,4.46000003814697
153,Djibouti,Romania,5.124,5.528,5.824999809265139
154,Denmark,Germany,6.75,6.994,6.9510002136230495
155,Dominican Republic,Haiti,4.518,4.0280000000000005,3.6029999256133998
156,Algeria,Libya,5.754,5.615,5.525000095367429
157,Algeria,Mali,3.995,4.073,4.19000005722046
158,Algeria,Mauritania,4.436,4.2010000000000005,4.29199981689453
159,Algeria,Morocco,5.013,5.151,5.2350001335144
160,Algeria,Niger,3.845,3.8560000000000003,4.02799987792969
161,Algeria,Tunisia,4.739,5.045,4.80499982833862
162,Ecuador,Colombia,6.477,6.481,6.35699987411499
163,Ecuador,Peru,5.824,5.742999999999999,5.71500015258789
164,Estonia,Latvia,5.098,5.56,5.849999904632571
165,Estonia,Russia,5.716,5.856,5.962999820709231
166,Egypt,Israel,7.278,7.267,7.212999820709231
167,Egypt,Libya,5.754,5.615,5.525000095367429
168,Egypt,Sudan,4.55,4.138999999999999,4.138999938964839
169,Spain,Angola,4.033,3.866,3.79500007629395
170,Spain,France,6.575,6.478,6.44199991226196
171,Spain,Morocco,5.013,5.151,5.2350001335144
172,Spain,Portugal,5.102,5.122999999999999,5.19500017166138
173,Ethiopia,Djibouti,4.369,,
174,Ethiopia,Kenya,4.419,4.356,4.55299997329712
175,Ethiopia,Romania,5.124,5.528,5.824999809265139
176,Ethiopia,South Korea,5.984,5.835,5.837999820709231
177,Ethiopia,Sudan,4.55,4.138999999999999,4.138999938964839
178,Finland,Norway,7.522,7.497999999999999,7.537000179290769
179,Finland,Russia,5.716,5.856,5.962999820709231
180,Finland,Sweden,7.364,7.291,7.28399991989136
181,France,Angola,4.033,3.866,3.79500007629395
182,France,Belgium,6.937,6.928999999999999,6.89099979400635
183,France,Germany,6.75,6.994,6.9510002136230495
184,France,Italy,5.9479999999999995,5.977,5.96400022506714
185,France,Luxembourg,6.946000000000001,6.871,6.86299991607666
186,France,Morocco,5.013,5.151,5.2350001335144
187,France,Spain,6.329,6.361000000000001,6.40299987792969
188,France,Switzerland,7.587000000000001,7.5089999999999995,7.49399995803833
189,Gabon,Cameroon,4.252,4.513,4.69500017166138
190,Gabon,Togo,2.839,3.303,3.4949998855590803
191,United Kingdom,Ireland,6.94,6.907,6.9770002365112305
192,Georgia,Armenia,4.35,4.36,4.37599992752075
193,Georgia,Azerbaijan,5.212000000000001,5.291,5.234000205993651
194,Georgia,Russia,5.716,5.856,5.962999820709231
195,Georgia,Turkey,5.332000000000001,5.388999999999999,5.5
196,Ghana,Burkina Faso,3.5869999999999997,3.739,4.03200006484985
197,Ghana,Togo,2.839,3.303,3.4949998855590803
198,Zambia,Senegal,3.904,4.218999999999999,4.53499984741211
199,Guinea,Guinea,3.656,3.6069999999999998,3.50699996948242
200,Guinea,Liberia,4.571000000000001,3.622,3.5329999923706095
201,Guinea,Mali,3.995,4.073,4.19000005722046
202,Guinea,Senegal,3.904,4.218999999999999,4.53499984741211
203,Guinea,Sierra Leone,4.507,4.635,4.70900011062622
204,Greece,Albania,4.959,4.655,4.64400005340576
205,Greece,Bulgaria,4.218,4.217,4.71400022506714
206,Greece,Macedonia,5.007,5.121,5.175000190734861
207,Greece,Turkey,5.332000000000001,5.388999999999999,5.5
208,Guatemala,Belgium,6.937,6.928999999999999,6.89099979400635
209,Guatemala,El Salvador,6.13,6.068,6.002999782562259
210,Guatemala,Honduras,4.788,4.871,5.1810002326965305
211,Guatemala,Mexico,7.187,6.778,6.57800006866455
212,Guinea,Guinea,3.656,3.6069999999999998,3.50699996948242
213,Guinea,Senegal,3.904,4.218999999999999,4.53499984741211
214,Ghana,Brazil,6.983,6.952000000000001,6.6350002288818395
215,Ghana,Suriname,6.269,6.269,
216,Ghana,Venezuela,6.81,6.084,5.25
217,Hong Kong,China,5.14,5.245,5.2729997634887695
218,Honduras,El Salvador,6.13,6.068,6.002999782562259
219,Honduras,Guatemala,6.122999999999999,6.324,6.4539999961853
220,Honduras,Nicaragua,5.827999999999999,5.992000000000001,6.07100009918213
221,Croatia,Bosnia and Herzegovina,4.949,5.162999999999999,5.18200016021729
222,Croatia,Hungary,4.8,5.145,5.32399988174438
223,Croatia,Montenegro,5.192,5.1610000000000005,5.23699998855591
224,Croatia,Serbia,5.122999999999999,5.1770000000000005,5.39499998092651
225,Croatia,Slovenia,5.848,5.768,5.75799989700317
226,Haiti,Dominican Republic,4.885,5.155,5.230000019073491
227,Hungary,Austria,7.2,7.119,7.00600004196167
228,Hungary,Croatia,5.7589999999999995,5.4879999999999995,5.2930002212524405
229,Hungary,Romania,5.124,5.528,5.824999809265139
230,Hungary,Serbia,5.122999999999999,5.1770000000000005,5.39499998092651
231,Hungary,Slovakia,5.995,6.077999999999999,6.09800004959106
232,Hungary,Slovenia,5.848,5.768,5.75799989700317
233,Hungary,Ukraine,4.681,4.324,4.09600019454956
234,Indonesia,Malaysia,5.77,6.005,6.08400011062622
235,Ireland,United Kingdom,6.867000000000001,6.725,6.71400022506714
236,Israel,Egypt,4.194,4.362,4.7350001335144
237,Israel,Jordan,5.192,5.303,5.33599996566772
238,Israel,Lebanon,4.8389999999999995,5.129,5.22499990463257
239,Israel,Syria,3.0060000000000002,3.069,3.46199989318848
240,India,Bangladesh,4.694,4.643,4.60799980163574
241,India,Bhutan,5.252999999999999,5.196000000000001,5.01100015640259
242,India,China,5.14,5.245,5.2729997634887695
243,India,Myanmar,4.3069999999999995,4.395,4.54500007629395
244,India,Nepal,4.513999999999999,4.793,4.961999893188481
245,India,Pakistan,5.194,5.132000000000001,5.26900005340576
246,Iraq,Iran,4.686,4.813,4.69199991226196
247,Iraq,Jordan,5.192,5.303,5.33599996566772
248,Iraq,Kuwait,6.295,6.239,6.10500001907349
249,Iraq,Saudi Arabia,6.4110000000000005,6.379,6.343999862670901
250,Iraq,Syria,3.0060000000000002,3.069,3.46199989318848
251,Iraq,Turkey,5.332000000000001,5.388999999999999,5.5
252,Iran,Afghanistan,3.575,3.36,3.7939999103546103
253,Iran,Armenia,4.35,4.36,4.37599992752075
254,Iran,Azerbaijan,5.212000000000001,5.291,5.234000205993651
255,Iran,Iraq,4.677,4.575,4.49700021743774
256,Iran,Pakistan,5.194,5.132000000000001,5.26900005340576
257,Iran,Turkey,5.332000000000001,5.388999999999999,5.5
258,Iran,Turkmenistan,5.547999999999999,5.6579999999999995,5.82200002670288
259,Italy,Austria,7.2,7.119,7.00600004196167
260,Italy,France,6.575,6.478,6.44199991226196
261,Italy,Slovenia,5.848,5.768,5.75799989700317
262,Italy,Switzerland,7.587000000000001,7.5089999999999995,7.49399995803833
263,Jordan,Iraq,4.677,4.575,4.49700021743774
264,Jordan,Israel,7.278,7.267,7.212999820709231
265,Jordan,Saudi Arabia,6.4110000000000005,6.379,6.343999862670901
266,Jordan,Syria,3.0060000000000002,3.069,3.46199989318848
267,Kenya,Ethiopia,4.512,4.508,4.46000003814697
268,Kenya,Romania,5.124,5.528,5.824999809265139
269,Kenya,South Korea,5.984,5.835,5.837999820709231
270,Kenya,Tanzania,3.781,3.6660000000000004,3.34899997711182
271,Kenya,Uganda,3.931,3.739,4.08099985122681
272,Kyrgyzstan,China,5.14,5.245,5.2729997634887695
273,Kyrgyzstan,Kazakhstan,5.855,5.919,5.8189997673034695
274,Kyrgyzstan,Tajikistan,4.7860000000000005,4.996,5.04099988937378
275,Kyrgyzstan,Uzbekistan,6.002999999999999,5.987,5.97100019454956
276,Cambodia,Laos,4.876,4.876,
277,Cambodia,Thailand,6.455,6.474,6.4239997863769505
278,Cambodia,Vietnam,5.36,5.061,5.07399988174438
279,South Korea,China,5.14,5.245,5.2729997634887695
280,South Korea,South Korea,5.984,5.835,5.837999820709231
281,South Korea,Russia,5.716,5.856,5.962999820709231
282,South Korea,South Korea,5.984,5.835,5.837999820709231
283,Kuwait,Iraq,4.677,4.575,4.49700021743774
284,Kuwait,Saudi Arabia,6.4110000000000005,6.379,6.343999862670901
285,Kazakhstan,China,5.14,5.245,5.2729997634887695
286,Kazakhstan,Kyrgyzstan,5.2860000000000005,5.185,5.0040001869201705
287,Kazakhstan,Russia,5.716,5.856,5.962999820709231
288,Kazakhstan,Turkmenistan,5.547999999999999,5.6579999999999995,5.82200002670288
289,Kazakhstan,Uzbekistan,6.002999999999999,5.987,5.97100019454956
290,Laos,China,5.14,5.245,5.2729997634887695
291,Laos,Cambodia,3.819,3.907,4.1680002212524405
292,Laos,Myanmar,4.3069999999999995,4.395,4.54500007629395
293,Laos,Thailand,6.455,6.474,6.4239997863769505
294,Laos,Vietnam,5.36,5.061,5.07399988174438
295,Lebanon,Israel,7.278,7.267,7.212999820709231
296,Lebanon,Syria,3.0060000000000002,3.069,3.46199989318848
297,Liberia,Guinea,3.656,3.6069999999999998,3.50699996948242
298,Liberia,Sierra Leone,4.507,4.635,4.70900011062622
299,Lesotho,South Africa,4.6419999999999995,4.459,4.8289999961853
300,Lithuania,Belarus,5.813,5.8020000000000005,5.5689997673034695
301,Lithuania,Latvia,5.098,5.56,5.849999904632571
302,Lithuania,Poland,5.791,5.835,5.97300004959106
303,Lithuania,Russia,5.716,5.856,5.962999820709231
304,Luxembourg,Belgium,6.937,6.928999999999999,6.89099979400635
305,Luxembourg,Germany,6.75,6.994,6.9510002136230495
306,Luxembourg,France,6.575,6.478,6.44199991226196
307,Latvia,Belarus,5.813,5.8020000000000005,5.5689997673034695
308,Latvia,Estonia,5.428999999999999,5.517,5.61100006103516
309,Latvia,Lithuania,5.832999999999999,5.813,5.90199995040894
310,Latvia,Russia,5.716,5.856,5.962999820709231
311,Libya,Algeria,5.605,6.355,5.872000217437741
312,Libya,Chad,3.667,3.763,3.9360001087188703
313,Libya,Egypt,4.194,4.362,4.7350001335144
314,Libya,Niger,3.845,3.8560000000000003,4.02799987792969
315,Libya,Sudan,4.55,4.138999999999999,4.138999938964839
316,Libya,Tunisia,4.739,5.045,4.80499982833862
317,Morocco,Algeria,5.605,6.355,5.872000217437741
318,Morocco,Spain,6.329,6.361000000000001,6.40299987792969
319,Morocco,France,6.575,6.478,6.44199991226196
320,Moldova,Romania,5.124,5.528,5.824999809265139
321,Moldova,Ukraine,4.681,4.324,4.09600019454956
322,Montenegro,Albania,4.959,4.655,4.64400005340576
323,Montenegro,Bosnia and Herzegovina,4.949,5.162999999999999,5.18200016021729
324,Montenegro,Croatia,5.7589999999999995,5.4879999999999995,5.2930002212524405
325,Montenegro,Serbia,5.122999999999999,5.1770000000000005,5.39499998092651
326,Macedonia,Albania,4.959,4.655,4.64400005340576
327,Macedonia,Bulgaria,4.218,4.217,4.71400022506714
328,Macedonia,Greece,4.857,5.033,5.2270002365112305
329,Macedonia,Serbia,5.122999999999999,5.1770000000000005,5.39499998092651
330,Mali,Algeria,5.605,6.355,5.872000217437741
331,Mali,Burkina Faso,3.5869999999999997,3.739,4.03200006484985
332,Mali,Guinea,3.656,3.6069999999999998,3.50699996948242
333,Mali,Mauritania,4.436,4.2010000000000005,4.29199981689453
334,Mali,Niger,3.845,3.8560000000000003,4.02799987792969
335,Mali,Senegal,3.904,4.218999999999999,4.53499984741211
336,Myanmar,Bangladesh,4.694,4.643,4.60799980163574
337,Myanmar,China,5.14,5.245,5.2729997634887695
338,Myanmar,India,4.565,4.404,4.31500005722046
339,Myanmar,Laos,4.876,4.876,
340,Myanmar,Thailand,6.455,6.474,6.4239997863769505
341,Mongolia,China,5.14,5.245,5.2729997634887695
342,Mongolia,Russia,5.716,5.856,5.962999820709231
343,Malta,China,5.14,5.245,5.2729997634887695
344,Mauritania,Algeria,5.605,6.355,5.872000217437741
345,Mauritania,Mali,3.995,4.073,4.19000005722046
346,Mauritania,Senegal,3.904,4.218999999999999,4.53499984741211
347,Malawi,Mozambique,4.971,,4.550000190734861
348,Malawi,Tanzania,3.781,3.6660000000000004,3.34899997711182
349,Malawi,Zambia,5.129,4.795,4.513999938964839
350,Mexico,Belgium,6.937,6.928999999999999,6.89099979400635
351,Mexico,Guatemala,6.122999999999999,6.324,6.4539999961853
352,Mexico,United States,7.119,7.104,6.993000030517581
353,Malaysia,Indonesia,5.399,5.314,5.26200008392334
354,Malaysia,Thailand,6.455,6.474,6.4239997863769505
355,Mozambique,Malawi,4.292,4.156000000000001,3.97000002861023
356,Mozambique,Swaziland,4.867,,
357,Mozambique,South Africa,4.6419999999999995,4.459,4.8289999961853
358,Mozambique,Tanzania,3.781,3.6660000000000004,3.34899997711182
359,Mozambique,Zambia,5.129,4.795,4.513999938964839
360,Mozambique,Zimbabwe,4.61,4.1930000000000005,3.875
361,Zambia,Angola,4.033,3.866,3.79500007629395
362,Zambia,Botswana,4.332,3.9739999999999998,3.7660000324249303
363,Zambia,South Africa,4.6419999999999995,4.459,4.8289999961853
364,Zambia,Zambia,5.129,4.795,4.513999938964839
365,Niger,Algeria,5.605,6.355,5.872000217437741
366,Niger,Benin,3.34,3.484,3.65700006484985
367,Niger,Burkina Faso,3.5869999999999997,3.739,4.03200006484985
368,Niger,Chad,3.667,3.763,3.9360001087188703
369,Niger,Libya,5.754,5.615,5.525000095367429
370,Niger,Mali,3.995,4.073,4.19000005722046
371,Niger,Nigeria,5.268,4.875,5.07399988174438
372,Nigeria,Benin,3.34,3.484,3.65700006484985
373,Nigeria,Cameroon,4.252,4.513,4.69500017166138
374,Nigeria,Chad,3.667,3.763,3.9360001087188703
375,Nigeria,Niger,3.845,3.8560000000000003,4.02799987792969
376,Nicaragua,Costa Rica,7.226,7.087000000000001,7.0789999961853
377,Nicaragua,Honduras,4.788,4.871,5.1810002326965305
378,Netherlands,Belgium,6.937,6.928999999999999,6.89099979400635
379,Netherlands,Germany,6.75,6.994,6.9510002136230495
380,Norway,Finland,7.406000000000001,7.412999999999999,7.468999862670901
381,Norway,Russia,5.716,5.856,5.962999820709231
382,Norway,Sweden,7.364,7.291,7.28399991989136
383,Nepal,China,5.14,5.245,5.2729997634887695
384,Nepal,India,4.565,4.404,4.31500005722046
385,Oman,United States,7.119,7.104,6.993000030517581
386,Oman,Saudi Arabia,6.4110000000000005,6.379,6.343999862670901
387,Oman,Yemen,4.077,3.7239999999999998,3.59299993515015
388,Panama,Colombia,6.477,6.481,6.35699987411499
389,Panama,Costa Rica,7.226,7.087000000000001,7.0789999961853
390,Peru,Bolivia,5.89,5.822,5.82299995422363
391,Peru,Brazil,6.983,6.952000000000001,6.6350002288818395
392,Peru,Chile,6.67,6.705,6.65199995040894
393,Peru,Colombia,6.477,6.481,6.35699987411499
394,Peru,Ecuador,5.975,5.976,6.00799989700317
395,Pakistan,Afghanistan,3.575,3.36,3.7939999103546103
396,Pakistan,China,5.14,5.245,5.2729997634887695
397,Pakistan,India,4.565,4.404,4.31500005722046
398,Pakistan,Iran,4.686,4.813,4.69199991226196
399,Poland,Belarus,5.813,5.8020000000000005,5.5689997673034695
400,Poland,China,5.14,5.245,5.2729997634887695
401,Poland,Germany,6.75,6.994,6.9510002136230495
402,Poland,Lithuania,5.832999999999999,5.813,5.90199995040894
403,Poland,Russia,5.716,5.856,5.962999820709231
404,Poland,Slovakia,5.995,6.077999999999999,6.09800004959106
405,Poland,Ukraine,4.681,4.324,4.09600019454956
406,Portugal,Spain,6.329,6.361000000000001,6.40299987792969
407,Paraguay,Argentina,6.574,6.65,6.59899997711182
408,Paraguay,Bolivia,5.89,5.822,5.82299995422363
409,Paraguay,Brazil,6.983,6.952000000000001,6.6350002288818395
410,Qatar,Saudi Arabia,6.4110000000000005,6.379,6.343999862670901
411,Romania,Bulgaria,4.218,4.217,4.71400022506714
412,Romania,Hungary,4.8,5.145,5.32399988174438
413,Romania,Moldova,5.888999999999999,5.897,5.837999820709231
414,Romania,Serbia,5.122999999999999,5.1770000000000005,5.39499998092651
415,Romania,Ukraine,4.681,4.324,4.09600019454956
416,Serbia,Albania,4.959,4.655,4.64400005340576
417,Serbia,Bosnia and Herzegovina,4.949,5.162999999999999,5.18200016021729
418,Serbia,Bulgaria,4.218,4.217,4.71400022506714
419,Serbia,Croatia,5.7589999999999995,5.4879999999999995,5.2930002212524405
420,Serbia,Hungary,4.8,5.145,5.32399988174438
421,Serbia,Montenegro,5.192,5.1610000000000005,5.23699998855591
422,Serbia,Macedonia,5.007,5.121,5.175000190734861
423,Serbia,Romania,5.124,5.528,5.824999809265139
424,Russia,Azerbaijan,5.212000000000001,5.291,5.234000205993651
425,Russia,Belarus,5.813,5.8020000000000005,5.5689997673034695
426,Russia,China,5.14,5.245,5.2729997634887695
427,Russia,Estonia,5.428999999999999,5.517,5.61100006103516
428,Russia,Finland,7.406000000000001,7.412999999999999,7.468999862670901
429,Russia,Georgia,4.297,4.252,4.28599977493286
430,Russia,Kazakhstan,5.855,5.919,5.8189997673034695
431,Russia,South Korea,5.984,5.835,5.837999820709231
432,Russia,Latvia,5.098,5.56,5.849999904632571
433,Russia,Lithuania,5.832999999999999,5.813,5.90199995040894
434,Russia,Mongolia,4.874,4.907,4.95499992370605
435,Russia,Norway,7.522,7.497999999999999,7.537000179290769
436,Russia,Poland,5.791,5.835,5.97300004959106
437,Russia,Ukraine,4.681,4.324,4.09600019454956
438,Rwanda,Burundi,2.905,2.905,2.90499997138977
439,Rwanda,Togo,2.839,3.303,3.4949998855590803
440,Rwanda,Tanzania,3.781,3.6660000000000004,3.34899997711182
441,Rwanda,Uganda,3.931,3.739,4.08099985122681
442,Saudi Arabia,Iraq,4.677,4.575,4.49700021743774
443,Saudi Arabia,Jordan,5.192,5.303,5.33599996566772
444,Saudi Arabia,Kuwait,6.295,6.239,6.10500001907349
445,Saudi Arabia,Oman,6.853,,
446,Saudi Arabia,Qatar,6.611000000000001,6.375,6.375
447,Saudi Arabia,United States,7.119,7.104,6.993000030517581
448,Saudi Arabia,Yemen,4.077,3.7239999999999998,3.59299993515015
449,Sudan,Chad,3.667,3.763,3.9360001087188703
450,Sudan,Egypt,4.194,4.362,4.7350001335144
451,Sudan,Ethiopia,4.512,4.508,4.46000003814697
452,Sudan,Libya,5.754,5.615,5.525000095367429
453,Sudan,South Korea,5.984,5.835,5.837999820709231
454,Sweden,Finland,7.406000000000001,7.412999999999999,7.468999862670901
455,Sweden,Norway,7.522,7.497999999999999,7.537000179290769
456,Slovenia,Austria,7.2,7.119,7.00600004196167
457,Slovenia,Croatia,5.7589999999999995,5.4879999999999995,5.2930002212524405
458,Slovenia,Hungary,4.8,5.145,5.32399988174438
459,Slovenia,Italy,5.9479999999999995,5.977,5.96400022506714
460,Slovakia,Austria,7.2,7.119,7.00600004196167
461,Slovakia,China,5.14,5.245,5.2729997634887695
462,Slovakia,Hungary,4.8,5.145,5.32399988174438
463,Slovakia,Poland,5.791,5.835,5.97300004959106
464,Slovakia,Ukraine,4.681,4.324,4.09600019454956
465,Sierra Leone,Guinea,3.656,3.6069999999999998,3.50699996948242
466,Sierra Leone,Liberia,4.571000000000001,3.622,3.5329999923706095
467,Senegal,Zambia,5.129,4.795,4.513999938964839
468,Senegal,Guinea,3.656,3.6069999999999998,3.50699996948242
469,Senegal,Guinea,3.656,3.6069999999999998,3.50699996948242
470,Senegal,Mali,3.995,4.073,4.19000005722046
471,Senegal,Mauritania,4.436,4.2010000000000005,4.29199981689453
472,Romania,Djibouti,4.369,,
473,Romania,Ethiopia,4.512,4.508,4.46000003814697
474,Romania,Kenya,4.419,4.356,4.55299997329712
475,Suriname,Brazil,6.983,6.952000000000001,6.6350002288818395
476,Suriname,Ghana,4.633,4.276,4.11999988555908
477,South Korea,Togo,2.839,3.303,3.4949998855590803
478,South Korea,Ethiopia,4.512,4.508,4.46000003814697
479,South Korea,Kenya,4.419,4.356,4.55299997329712
480,South Korea,Sudan,4.55,4.138999999999999,4.138999938964839
481,South Korea,Uganda,3.931,3.739,4.08099985122681
482,El Salvador,Guatemala,6.122999999999999,6.324,6.4539999961853
483,El Salvador,Honduras,4.788,4.871,5.1810002326965305
484,Syria,Iraq,4.677,4.575,4.49700021743774
485,Syria,Israel,7.278,7.267,7.212999820709231
486,Syria,Jordan,5.192,5.303,5.33599996566772
487,Syria,Lebanon,4.8389999999999995,5.129,5.22499990463257
488,Syria,Turkey,5.332000000000001,5.388999999999999,5.5
489,Swaziland,Mozambique,4.971,,4.550000190734861
490,Swaziland,South Africa,4.6419999999999995,4.459,4.8289999961853
491,Chad,Cameroon,4.252,4.513,4.69500017166138
492,Chad,Libya,5.754,5.615,5.525000095367429
493,Chad,Niger,3.845,3.8560000000000003,4.02799987792969
494,Chad,Nigeria,5.268,4.875,5.07399988174438
495,Chad,Sudan,4.55,4.138999999999999,4.138999938964839
496,Togo,Benin,3.34,3.484,3.65700006484985
497,Togo,Burkina Faso,3.5869999999999997,3.739,4.03200006484985
498,Togo,Ghana,4.633,4.276,4.11999988555908
499,Thailand,Cambodia,3.819,3.907,4.1680002212524405
500,Thailand,Laos,4.876,4.876,
501,Thailand,Malaysia,5.77,6.005,6.08400011062622
502,Thailand,Myanmar,4.3069999999999995,4.395,4.54500007629395
503,Tajikistan,Afghanistan,3.575,3.36,3.7939999103546103
504,Tajikistan,China,5.14,5.245,5.2729997634887695
505,Tajikistan,Kyrgyzstan,5.2860000000000005,5.185,5.0040001869201705
506,Tajikistan,Uzbekistan,6.002999999999999,5.987,5.97100019454956
507,Turkmenistan,Afghanistan,3.575,3.36,3.7939999103546103
508,Turkmenistan,Iran,4.686,4.813,4.69199991226196
509,Turkmenistan,Kazakhstan,5.855,5.919,5.8189997673034695
510,Turkmenistan,Uzbekistan,6.002999999999999,5.987,5.97100019454956
511,Tunisia,Algeria,5.605,6.355,5.872000217437741
512,Tunisia,Libya,5.754,5.615,5.525000095367429
513,Turkey,Armenia,4.35,4.36,4.37599992752075
514,Turkey,Azerbaijan,5.212000000000001,5.291,5.234000205993651
515,Turkey,Bulgaria,4.218,4.217,4.71400022506714
516,Turkey,Georgia,4.297,4.252,4.28599977493286
517,Turkey,Greece,4.857,5.033,5.2270002365112305
518,Turkey,Iran,4.686,4.813,4.69199991226196
519,Turkey,Iraq,4.677,4.575,4.49700021743774
520,Turkey,Syria,3.0060000000000002,3.069,3.46199989318848
521,Tanzania,Burundi,2.905,2.905,2.90499997138977
522,Tanzania,Togo,2.839,3.303,3.4949998855590803
523,Tanzania,Kenya,4.419,4.356,4.55299997329712
524,Tanzania,Malawi,4.292,4.156000000000001,3.97000002861023
525,Tanzania,Mozambique,4.971,,4.550000190734861
526,Tanzania,Rwanda,3.465,3.515,3.47099995613098
527,Tanzania,Uganda,3.931,3.739,4.08099985122681
528,Tanzania,Zambia,5.129,4.795,4.513999938964839
529,Ukraine,Belarus,5.813,5.8020000000000005,5.5689997673034695
530,Ukraine,Hungary,4.8,5.145,5.32399988174438
531,Ukraine,Moldova,5.888999999999999,5.897,5.837999820709231
532,Ukraine,Poland,5.791,5.835,5.97300004959106
533,Ukraine,Romania,5.124,5.528,5.824999809265139
534,Ukraine,Russia,5.716,5.856,5.962999820709231
535,Ukraine,Slovakia,5.995,6.077999999999999,6.09800004959106
536,Uganda,Togo,2.839,3.303,3.4949998855590803
537,Uganda,Kenya,4.419,4.356,4.55299997329712
538,Uganda,Rwanda,3.465,3.515,3.47099995613098
539,Uganda,South Korea,5.984,5.835,5.837999820709231
540,Uganda,Tanzania,3.781,3.6660000000000004,3.34899997711182
541,United States,Canada,7.4270000000000005,7.404,7.31599998474121
542,United States,Mexico,7.187,6.778,6.57800006866455
543,Uruguay,Argentina,6.574,6.65,6.59899997711182
544,Uruguay,Brazil,6.983,6.952000000000001,6.6350002288818395
545,Uzbekistan,Afghanistan,3.575,3.36,3.7939999103546103
546,Uzbekistan,Kazakhstan,5.855,5.919,5.8189997673034695
547,Uzbekistan,Kyrgyzstan,5.2860000000000005,5.185,5.0040001869201705
548,Uzbekistan,Tajikistan,4.7860000000000005,4.996,5.04099988937378
549,Uzbekistan,Turkmenistan,5.547999999999999,5.6579999999999995,5.82200002670288
550,Venezuela,Brazil,6.983,6.952000000000001,6.6350002288818395
551,Venezuela,Colombia,6.477,6.481,6.35699987411499
552,Venezuela,Ghana,4.633,4.276,4.11999988555908
553,Vietnam,Cambodia,3.819,3.907,4.1680002212524405
554,Vietnam,China,5.14,5.245,5.2729997634887695
555,Vietnam,Laos,4.876,4.876,
556,Yemen,Oman,6.853,,
557,Yemen,Saudi Arabia,6.4110000000000005,6.379,6.343999862670901
558,South Africa,Botswana,4.332,3.9739999999999998,3.7660000324249303
559,South Africa,Lesotho,4.898,,3.80800008773804
560,South Africa,Mozambique,4.971,,4.550000190734861
561,South Africa,Zambia,5.129,4.795,4.513999938964839
562,South Africa,Swaziland,4.867,,
563,South Africa,Zimbabwe,4.61,4.1930000000000005,3.875
564,Zambia,Angola,4.033,3.866,3.79500007629395
565,Zambia,Botswana,4.332,3.9739999999999998,3.7660000324249303
566,Zambia,Togo,2.839,3.303,3.4949998855590803
567,Zambia,Malawi,4.292,4.156000000000001,3.97000002861023
568,Zambia,Mozambique,4.971,,4.550000190734861
569,Zambia,Zambia,5.129,4.795,4.513999938964839
570,Zambia,Tanzania,3.781,3.6660000000000004,3.34899997711182
571,Zambia,Zimbabwe,4.61,4.1930000000000005,3.875
572,Zimbabwe,Botswana,4.332,3.9739999999999998,3.7660000324249303
573,Zimbabwe,Mozambique,4.971,,4.550000190734861
574,Zimbabwe,South Africa,4.6419999999999995,4.459,4.8289999961853
575,Zimbabwe,Zambia,5.129,4.795,4.513999938964839
